time,o,h,l,c,volume,complete
2020-08-11 08:00:00,1995.356,1995.708,1994.585,1995.703,68,True
2020-08-11 08:00:30,1995.749,1995.883,1995.323,1995.66,34,True
2020-08-11 08:01:00,1995.704,1995.704,1994.994,1995.406,36,True
2020-08-11 08:01:30,1995.446,1995.8,1994.98,1995.789,55,True
2020-08-11 08:02:00,1995.831,1996.026,1995.811,1995.951,29,True
2020-08-11 08:02:30,1995.997,1996.37,1995.415,1995.423,43,True
2020-08-11 08:03:00,1995.38,1995.454,1994.91,1995.004,47,True
2020-08-11 08:03:30,1994.962,1995.516,1994.962,1995.498,30,True
2020-08-11 08:04:00,1995.55,1995.55,1995.052,1995.155,22,True
2020-08-11 08:04:30,1995.195,1995.389,1995.114,1995.256,20,True
2020-08-11 08:05:00,1995.211,1995.211,1994.322,1994.884,37,True
2020-08-11 08:05:30,1994.843,1995.026,1994.843,1994.874,15,True
2020-08-11 08:06:00,1994.924,1994.924,1994.608,1994.728,29,True
2020-08-11 08:06:30,1994.681,1994.681,1994.384,1994.384,27,True
2020-08-11 08:07:00,1994.34,1994.34,1992.183,1992.236,134,True
2020-08-11 08:07:30,1992.186,1992.281,1989.31,1989.7,274,True
2020-08-11 08:08:00,1989.652,1989.959,1983.679,1984.682,323,True
2020-08-11 08:08:30,1984.602,1986.288,1984.317,1986.158,167,True
2020-08-11 08:09:00,1986.222,1987.762,1986.08,1987.762,44,True
2020-08-11 08:09:30,1987.85,1989.817,1987.85,1988.938,158,True
2020-08-11 08:10:00,1988.891,1990.073,1988.65,1989.972,111,True
2020-08-11 08:10:30,1990.022,1991.352,1989.674,1991.15,96,True
2020-08-11 08:11:00,1991.192,1991.332,1990.169,1990.706,102,True
2020-08-11 08:11:30,1990.658,1991.507,1990.158,1990.293,140,True
2020-08-11 08:12:00,1990.247,1991.792,1990.22,1991.75,99,True
2020-08-11 08:12:30,1991.798,1992.473,1991.746,1992.466,60,True
2020-08-11 08:13:00,1992.513,1993.754,1992.513,1993.494,88,True
2020-08-11 08:13:30,1993.555,1994.16,1993.289,1993.863,69,True
2020-08-11 08:14:00,1993.814,1994.124,1993.691,1993.994,39,True
2020-08-11 08:14:30,1994.048,1994.258,1993.367,1993.381,59,True
2020-08-11 08:15:00,1993.428,1993.814,1993.012,1993.012,54,True
2020-08-11 08:15:30,1993.12,1993.216,1991.797,1991.797,61,True
2020-08-11 08:16:00,1991.716,1991.936,1989.638,1989.74,139,True
2020-08-11 08:16:30,1989.699,1990.564,1989.699,1989.94,117,True
2020-08-11 08:17:00,1989.996,1990.166,1988.969,1990.166,105,True
2020-08-11 08:17:30,1990.208,1990.802,1990.118,1990.638,52,True
2020-08-11 08:18:00,1990.594,1991.276,1990.118,1991.272,100,True
2020-08-11 08:18:30,1991.218,1991.554,1991.111,1991.128,52,True
2020-08-11 08:19:00,1991.08,1991.329,1990.209,1990.214,69,True
2020-08-11 08:19:30,1990.264,1990.661,1990.114,1990.661,55,True
2020-08-11 08:20:00,1990.706,1991.066,1990.004,1991.066,68,True
2020-08-11 08:20:30,1991.11,1991.47,1990.595,1990.68,57,True
2020-08-11 08:21:00,1990.724,1990.908,1989.918,1989.978,50,True
2020-08-11 08:21:30,1990.022,1990.351,1989.778,1990.351,47,True
2020-08-11 08:22:00,1990.298,1991.082,1989.704,1991.082,90,True
2020-08-11 08:22:30,1991.128,1991.822,1991.128,1991.782,54,True
2020-08-11 08:23:00,1991.824,1991.824,1988.522,1988.947,103,True
2020-08-11 08:23:30,1988.866,1989.181,1988.48,1988.845,87,True
2020-08-11 08:24:00,1988.791,1988.791,1987.504,1987.504,85,True
2020-08-11 08:24:30,1987.46,1987.46,1986.298,1987.192,133,True
2020-08-11 08:25:00,1987.142,1987.702,1987.078,1987.51,69,True
2020-08-11 08:25:30,1987.556,1988.984,1987.466,1988.984,60,True
2020-08-11 08:26:00,1988.94,1988.94,1987.983,1988.115,76,True
2020-08-11 08:26:30,1988.16,1988.16,1987.478,1987.478,51,True
2020-08-11 08:27:00,1987.52,1988.9,1987.52,1988.586,68,True
2020-08-11 08:27:30,1988.539,1988.771,1988.246,1988.299,40,True
2020-08-11 08:28:00,1988.257,1988.257,1985.854,1986.326,130,True
2020-08-11 08:28:30,1986.285,1986.288,1985.276,1985.892,151,True
2020-08-11 08:29:00,1985.944,1987.378,1985.944,1986.995,81,True
2020-08-11 08:29:30,1986.952,1987.365,1986.226,1986.226,118,True
2020-08-11 08:30:00,1986.17,1986.17,1984.952,1985.461,121,True
2020-08-11 08:30:30,1985.506,1986.024,1985.292,1985.438,82,True
2020-08-11 08:31:00,1985.391,1985.464,1984.896,1985.464,58,True
2020-08-11 08:31:30,1985.51,1985.51,1984.542,1984.542,49,True
2020-08-11 08:32:00,1984.492,1985.42,1984.351,1984.859,92,True
2020-08-11 08:32:30,1984.937,1986.266,1984.937,1985.706,108,True
2020-08-11 08:33:00,1985.751,1987.384,1985.751,1986.792,115,True
2020-08-11 08:33:30,1986.834,1987.034,1986.342,1986.512,73,True
2020-08-11 08:34:00,1986.448,1986.77,1986.178,1986.328,64,True
2020-08-11 08:34:30,1986.288,1986.462,1985.591,1985.594,37,True
2020-08-11 08:35:00,1985.642,1985.703,1984.987,1985.143,37,True
2020-08-11 08:35:30,1985.184,1986.5,1984.909,1986.5,65,True
2020-08-11 08:36:00,1986.557,1987.516,1986.508,1987.281,76,True
2020-08-11 08:36:30,1987.238,1987.696,1987.034,1987.11,75,True
2020-08-11 08:37:00,1987.068,1987.681,1986.692,1987.134,71,True
2020-08-11 08:37:30,1987.18,1987.488,1986.707,1986.8,42,True
2020-08-11 08:38:00,1986.846,1987.406,1986.636,1986.642,47,True
2020-08-11 08:38:30,1986.59,1987.504,1986.258,1987.22,58,True
2020-08-11 08:39:00,1987.262,1987.949,1987.19,1987.949,56,True
2020-08-11 08:39:30,1987.998,1988.092,1987.536,1987.676,41,True
2020-08-11 08:40:00,1987.724,1987.866,1987.324,1987.663,40,True
2020-08-11 08:40:30,1987.712,1988.122,1987.618,1987.77,36,True
2020-08-11 08:41:00,1987.727,1988.406,1987.552,1988.366,36,True
2020-08-11 08:41:30,1988.408,1988.815,1988.182,1988.815,27,True
2020-08-11 08:42:00,1988.767,1988.78,1987.852,1988.104,42,True
2020-08-11 08:42:30,1988.146,1988.424,1988.106,1988.424,26,True
2020-08-11 08:43:00,1988.474,1988.832,1988.294,1988.55,32,True
2020-08-11 08:43:30,1988.5,1988.5,1988.081,1988.382,45,True
2020-08-11 08:44:00,1988.328,1988.366,1987.925,1988.366,39,True
2020-08-11 08:44:30,1988.406,1988.531,1988.064,1988.066,31,True
2020-08-11 08:45:00,1988.022,1988.022,1986.927,1987.576,58,True
2020-08-11 08:45:30,1987.62,1987.662,1987.378,1987.568,20,True
2020-08-11 08:46:00,1987.616,1987.616,1986.872,1987.099,39,True
2020-08-11 08:46:30,1987.14,1987.394,1986.972,1987.014,28,True
2020-08-11 08:47:00,1987.056,1987.642,1987.039,1987.422,43,True
2020-08-11 08:47:30,1987.48,1987.55,1987.306,1987.389,16,True
2020-08-11 08:48:00,1987.347,1987.806,1986.886,1987.76,37,True
2020-08-11 08:48:30,1987.718,1988.026,1987.4,1987.404,34,True
2020-08-11 08:49:00,1987.36,1987.494,1987.02,1987.02,20,True
2020-08-11 08:49:30,1987.066,1988.076,1986.901,1987.929,39,True
2020-08-11 08:50:00,1987.888,1988.01,1987.582,1987.698,25,True
2020-08-11 08:50:30,1987.656,1987.776,1987.378,1987.597,24,True
2020-08-11 08:51:00,1987.556,1987.736,1987.474,1987.532,21,True
2020-08-11 08:51:30,1987.49,1987.497,1987.206,1987.38,26,True
2020-08-11 08:52:00,1987.34,1987.493,1987.084,1987.084,47,True
2020-08-11 08:52:30,1987.026,1987.588,1986.985,1987.536,28,True
2020-08-11 08:53:00,1987.496,1988.247,1987.353,1988.247,26,True
2020-08-11 08:53:30,1988.299,1988.644,1987.924,1988.251,45,True
2020-08-11 08:54:00,1988.204,1988.578,1988.204,1988.486,21,True
2020-08-11 08:54:30,1988.53,1988.53,1988.432,1988.514,5,True
2020-08-11 08:55:00,1988.466,1988.466,1987.107,1987.107,35,True
2020-08-11 08:55:30,1987.158,1987.158,1986.105,1986.646,63,True
2020-08-11 08:56:00,1986.602,1986.897,1986.324,1986.859,34,True
2020-08-11 08:56:30,1986.808,1987.638,1986.754,1987.546,29,True
2020-08-11 08:57:00,1987.595,1988.184,1987.595,1988.184,20,True
2020-08-11 08:57:30,1988.226,1988.406,1988.002,1988.002,18,True
2020-08-11 08:58:00,1987.956,1987.956,1987.607,1987.874,28,True
2020-08-11 08:58:30,1987.916,1988.528,1987.916,1988.376,21,True
2020-08-11 08:59:00,1988.334,1988.94,1988.334,1988.712,49,True
2020-08-11 08:59:30,1988.761,1989.542,1988.7,1989.528,60,True
2020-08-11 09:00:00,1989.57,1991.252,1989.57,1990.933,110,True
2020-08-11 09:00:30,1990.891,1992.098,1990.659,1992.098,68,True
2020-08-11 09:01:00,1992.038,1992.563,1991.628,1992.358,87,True
2020-08-11 09:01:30,1992.314,1992.36,1991.252,1991.252,70,True
2020-08-11 09:02:00,1991.19,1993.486,1991.038,1992.566,112,True
2020-08-11 09:02:30,1992.517,1993.886,1992.313,1993.83,59,True
2020-08-11 09:03:00,1993.77,1993.77,1993.166,1993.712,41,True
2020-08-11 09:03:30,1993.668,1996.484,1993.338,1995.726,105,True
2020-08-11 09:04:00,1995.676,1995.879,1994.522,1994.95,128,True
2020-08-11 09:04:30,1995.036,1996.006,1994.782,1995.02,48,True
2020-08-11 09:05:00,1995.082,1995.186,1994.206,1994.228,50,True
2020-08-11 09:05:30,1994.181,1994.277,1993.956,1994.042,26,True
2020-08-11 09:06:00,1993.999,1993.999,1993.536,1993.781,29,True
2020-08-11 09:06:30,1993.832,1993.93,1993.476,1993.844,27,True
2020-08-11 09:07:00,1993.894,1994.289,1993.879,1994.241,31,True
2020-08-11 09:07:30,1994.314,1994.809,1994.116,1994.141,42,True
2020-08-11 09:08:00,1994.092,1994.092,1992.288,1992.288,50,True
2020-08-11 09:08:30,1992.356,1993.008,1992.356,1992.908,29,True
2020-08-11 09:09:00,1992.851,1993.234,1992.543,1992.596,37,True
2020-08-11 09:09:30,1992.638,1993.354,1992.406,1992.965,32,True
2020-08-11 09:10:00,1992.92,1993.174,1992.736,1993.079,25,True
2020-08-11 09:10:30,1993.12,1993.374,1993.12,1993.243,21,True
2020-08-11 09:11:00,1993.202,1993.523,1993.159,1993.523,15,True
2020-08-11 09:11:30,1993.478,1994.083,1993.352,1993.822,52,True
2020-08-11 09:12:00,1993.758,1993.758,1993.248,1993.248,22,True
2020-08-11 09:12:30,1993.2,1993.272,1992.9,1993.146,19,True
2020-08-11 09:13:00,1993.098,1994.204,1992.894,1994.204,45,True
2020-08-11 09:13:30,1994.254,1994.502,1993.942,1994.502,36,True
2020-08-11 09:14:00,1994.558,1995.373,1994.499,1994.995,70,True
2020-08-11 09:14:30,1994.953,1995.572,1994.806,1994.826,50,True
2020-08-11 09:15:00,1994.868,1995.404,1994.868,1995.362,45,True
2020-08-11 09:15:30,1995.32,1995.32,1994.644,1994.704,23,True
2020-08-11 09:16:00,1994.752,1994.752,1993.873,1994.168,36,True
2020-08-11 09:16:30,1994.221,1994.616,1994.125,1994.574,28,True
2020-08-11 09:17:00,1994.526,1994.58,1994.102,1994.15,15,True
2020-08-11 09:17:30,1994.196,1994.294,1994.06,1994.156,24,True
2020-08-11 09:18:00,1994.197,1994.466,1994.197,1994.41,18,True
2020-08-11 09:18:30,1994.351,1994.351,1994.094,1994.14,17,True
2020-08-11 09:19:00,1994.188,1994.55,1994.188,1994.55,33,True
2020-08-11 09:19:30,1994.594,1995.732,1994.594,1995.432,52,True
2020-08-11 09:20:00,1995.386,1996.522,1995.386,1996.326,45,True
2020-08-11 09:20:30,1996.401,1996.6,1995.819,1995.819,59,True
2020-08-11 09:21:00,1995.776,1995.914,1995.026,1995.914,59,True
2020-08-11 09:21:30,1995.956,1997.862,1995.956,1996.838,125,True
2020-08-11 09:22:00,1996.788,1997.386,1996.615,1997.044,72,True
2020-08-11 09:22:30,1997.084,1997.651,1997.084,1997.363,49,True
2020-08-11 09:23:00,1997.312,1997.312,1996.418,1996.954,57,True
2020-08-11 09:23:30,1996.909,1997.226,1996.868,1997.018,31,True
2020-08-11 09:24:00,1996.976,1997.072,1996.356,1996.828,48,True
2020-08-11 09:24:30,1996.779,1997.31,1996.705,1996.804,56,True
2020-08-11 09:25:00,1996.88,1996.929,1996.433,1996.884,34,True
2020-08-11 09:25:30,1996.834,1997.505,1996.834,1997.446,37,True
2020-08-11 09:26:00,1997.406,1997.546,1997.31,1997.429,28,True
2020-08-11 09:26:30,1997.47,1997.47,1997.154,1997.3,27,True
2020-08-11 09:27:00,1997.253,1997.253,1996.726,1996.726,17,True
2020-08-11 09:27:30,1996.685,1996.685,1996.098,1996.143,26,True
2020-08-11 09:28:00,1996.102,1996.107,1995.897,1995.992,20,True
2020-08-11 09:28:30,1996.036,1996.311,1996.036,1996.156,19,True
2020-08-11 09:29:00,1996.197,1997.653,1996.197,1997.552,55,True
2020-08-11 09:29:30,1997.596,1997.647,1996.892,1997.51,48,True
2020-08-11 09:30:00,1997.56,1997.6,1996.935,1997.102,55,True
2020-08-11 09:30:30,1997.162,1997.162,1996.388,1996.724,35,True
2020-08-11 09:31:00,1996.679,1997.282,1996.679,1996.956,42,True
2020-08-11 09:31:30,1996.914,1997.426,1996.604,1997.193,36,True
2020-08-11 09:32:00,1997.147,1997.377,1996.64,1997.154,53,True
2020-08-11 09:32:30,1997.111,1997.372,1996.636,1996.768,43,True
2020-08-11 09:33:00,1996.808,1996.853,1996.355,1996.355,15,True
2020-08-11 09:33:30,1996.399,1996.482,1996.14,1996.14,25,True
2020-08-11 09:34:00,1996.097,1996.097,1995.35,1995.717,60,True
2020-08-11 09:34:30,1995.674,1995.724,1995.53,1995.53,18,True
2020-08-11 09:35:00,1995.578,1995.73,1995.488,1995.716,22,True
2020-08-11 09:35:30,1995.756,1995.939,1995.674,1995.939,17,True
2020-08-11 09:36:00,1995.896,1995.938,1994.401,1994.688,60,True
2020-08-11 09:36:30,1994.731,1994.731,1994.234,1994.234,36,True
2020-08-11 09:37:00,1994.284,1994.672,1994.284,1994.299,35,True
2020-08-11 09:37:30,1994.242,1994.302,1993.724,1994.05,41,True
2020-08-11 09:38:00,1994.102,1994.618,1994.102,1994.312,25,True
2020-08-11 09:38:30,1994.27,1994.439,1993.808,1994.349,38,True
2020-08-11 09:39:00,1994.393,1994.631,1994.002,1994.002,30,True
2020-08-11 09:39:30,1993.956,1993.956,1993.57,1993.656,35,True
2020-08-11 09:40:00,1993.702,1994.326,1993.614,1993.803,45,True
2020-08-11 09:40:30,1993.844,1993.922,1993.612,1993.837,30,True
2020-08-11 09:41:00,1993.878,1994.116,1993.772,1994.116,21,True
2020-08-11 09:41:30,1994.163,1994.38,1994.068,1994.068,24,True
2020-08-11 09:42:00,1994.005,1994.472,1993.832,1994.472,21,True
2020-08-11 09:42:30,1994.518,1994.56,1994.336,1994.556,12,True
2020-08-11 09:43:00,1994.505,1994.505,1994.052,1994.302,17,True
2020-08-11 09:43:30,1994.343,1994.383,1994.15,1994.282,16,True
2020-08-11 09:44:00,1994.324,1994.718,1994.324,1994.718,19,True
2020-08-11 09:44:30,1994.674,1994.674,1994.498,1994.54,10,True
2020-08-11 09:45:00,1994.594,1994.734,1994.554,1994.734,8,True
2020-08-11 09:45:30,1994.804,1995.055,1994.782,1994.782,22,True
2020-08-11 09:46:00,1994.832,1994.912,1994.091,1994.091,23,True
2020-08-11 09:46:30,1994.04,1994.546,1993.916,1994.546,26,True
2020-08-11 09:47:00,1994.588,1994.756,1993.905,1993.905,27,True
2020-08-11 09:47:30,1993.864,1993.907,1993.722,1993.762,9,True
2020-08-11 09:48:00,1993.804,1993.994,1993.638,1993.638,13,True
2020-08-11 09:48:30,1993.678,1993.894,1993.662,1993.662,11,True
2020-08-11 09:49:00,1993.62,1993.7,1993.62,1993.7,3,True
2020-08-11 09:49:30,1993.742,1994.178,1993.742,1994.178,17,True
2020-08-11 09:50:00,1994.137,1994.137,1992.897,1992.938,38,True
2020-08-11 09:50:30,1992.894,1992.894,1991.321,1991.579,58,True
2020-08-11 09:51:00,1991.539,1991.584,1989.579,1989.698,97,True
2020-08-11 09:51:30,1989.748,1989.932,1988.486,1989.124,143,True
2020-08-11 09:52:00,1989.171,1990.48,1989.129,1990.438,51,True
2020-08-11 09:52:30,1990.396,1990.918,1990.174,1990.918,38,True
2020-08-11 09:53:00,1990.849,1990.988,1989.356,1989.476,61,True
2020-08-11 09:53:30,1989.419,1989.72,1988.87,1988.934,43,True
2020-08-11 09:54:00,1988.881,1989.074,1988.552,1988.594,39,True
2020-08-11 09:54:30,1988.55,1988.875,1987.943,1988.875,68,True
2020-08-11 09:55:00,1988.916,1989.032,1988.654,1988.984,39,True
2020-08-11 09:55:30,1988.936,1989.478,1988.936,1989.478,50,True
2020-08-11 09:56:00,1989.424,1989.424,1988.744,1989.106,36,True
2020-08-11 09:56:30,1989.148,1989.166,1988.95,1989.0,13,True
2020-08-11 09:57:00,1988.956,1989.849,1988.956,1989.803,29,True
2020-08-11 09:57:30,1989.847,1990.038,1989.683,1989.811,17,True
2020-08-11 09:58:00,1989.857,1989.953,1989.668,1989.668,10,True
2020-08-11 09:58:30,1989.717,1989.82,1989.354,1989.778,24,True
2020-08-11 09:59:00,1989.822,1989.906,1989.456,1989.456,31,True
2020-08-11 09:59:30,1989.502,1989.502,1988.835,1989.237,39,True
2020-08-11 10:00:00,1989.194,1989.245,1988.107,1988.65,64,True
2020-08-11 10:00:30,1988.608,1989.215,1988.34,1989.172,41,True
2020-08-11 10:01:00,1989.214,1989.321,1988.862,1988.882,33,True
2020-08-11 10:01:30,1988.83,1989.662,1988.6,1989.493,37,True
2020-08-11 10:02:00,1989.535,1989.628,1988.803,1989.005,39,True
2020-08-11 10:02:30,1989.048,1989.61,1989.048,1989.517,23,True
2020-08-11 10:03:00,1989.566,1989.566,1988.957,1989.294,25,True
2020-08-11 10:03:30,1989.342,1989.688,1989.342,1989.413,20,True
2020-08-11 10:04:00,1989.372,1990.204,1989.329,1990.108,30,True
2020-08-11 10:04:30,1990.063,1990.25,1989.859,1989.95,34,True
2020-08-11 10:05:00,1989.904,1990.124,1989.848,1990.079,29,True
2020-08-11 10:05:30,1990.036,1991.024,1989.958,1990.794,39,True
2020-08-11 10:06:00,1990.834,1991.762,1990.834,1991.571,38,True
2020-08-11 10:06:30,1991.52,1991.84,1991.476,1991.672,21,True
2020-08-11 10:07:00,1991.626,1991.664,1991.365,1991.662,27,True
2020-08-11 10:07:30,1991.703,1991.96,1991.1,1991.96,52,True
2020-08-11 10:08:00,1991.916,1992.286,1990.866,1991.039,64,True
2020-08-11 10:08:30,1990.998,1990.998,1990.128,1990.228,59,True
2020-08-11 10:09:00,1990.166,1990.382,1989.967,1990.382,28,True
2020-08-11 10:09:30,1990.429,1990.748,1990.35,1990.579,35,True
2020-08-11 10:10:00,1990.536,1990.618,1990.288,1990.618,25,True
2020-08-11 10:10:30,1990.662,1991.178,1990.662,1991.178,17,True
2020-08-11 10:11:00,1991.13,1991.166,1990.996,1991.165,16,True
2020-08-11 10:11:30,1991.213,1991.32,1990.932,1991.049,26,True
2020-08-11 10:12:00,1991.094,1991.878,1991.094,1991.658,33,True
2020-08-11 10:12:30,1991.708,1991.749,1991.618,1991.618,5,True
2020-08-11 10:13:00,1991.66,1991.836,1991.352,1991.352,15,True
2020-08-11 10:13:30,1991.302,1991.386,1991.172,1991.36,24,True
2020-08-11 10:14:00,1991.409,1991.45,1990.36,1990.45,43,True
2020-08-11 10:14:30,1990.406,1990.475,1990.191,1990.475,22,True
2020-08-11 10:15:00,1990.433,1990.433,1987.89,1987.936,89,True
2020-08-11 10:15:30,1987.866,1988.234,1986.768,1987.18,109,True
2020-08-11 10:16:00,1987.236,1987.822,1987.101,1987.556,58,True
2020-08-11 10:16:30,1987.598,1987.598,1986.696,1987.102,60,True
2020-08-11 10:17:00,1987.058,1987.456,1987.03,1987.252,33,True
2020-08-11 10:17:30,1987.21,1987.21,1985.484,1985.524,99,True
2020-08-11 10:18:00,1985.47,1985.724,1985.074,1985.44,76,True
2020-08-11 10:18:30,1985.48,1985.816,1985.414,1985.457,32,True
2020-08-11 10:19:00,1985.392,1985.967,1985.392,1985.775,30,True
2020-08-11 10:19:30,1985.734,1985.734,1984.358,1984.92,80,True
2020-08-11 10:20:00,1984.878,1985.972,1984.786,1985.972,59,True
2020-08-11 10:20:30,1985.929,1986.484,1985.064,1985.064,57,True
2020-08-11 10:21:00,1985.128,1985.799,1985.006,1985.006,50,True
2020-08-11 10:21:30,1985.047,1985.172,1984.79,1984.986,34,True
2020-08-11 10:22:00,1985.039,1985.851,1985.039,1985.808,37,True
2020-08-11 10:22:30,1985.85,1986.125,1985.762,1986.125,25,True
2020-08-11 10:23:00,1986.076,1986.396,1986.076,1986.371,18,True
2020-08-11 10:23:30,1986.421,1986.752,1986.421,1986.744,12,True
2020-08-11 10:24:00,1986.791,1986.946,1986.7,1986.9,13,True
2020-08-11 10:24:30,1986.94,1987.152,1986.764,1986.984,26,True
2020-08-11 10:25:00,1986.928,1987.006,1986.786,1986.916,15,True
2020-08-11 10:25:30,1986.958,1987.141,1986.852,1987.141,25,True
2020-08-11 10:26:00,1987.098,1987.16,1987.026,1987.028,11,True
2020-08-11 10:26:30,1986.986,1987.36,1986.986,1987.276,12,True
2020-08-11 10:27:00,1987.235,1987.378,1987.148,1987.378,18,True
2020-08-11 10:27:30,1987.419,1987.516,1987.332,1987.504,23,True
2020-08-11 10:28:00,1987.554,1987.756,1987.436,1987.672,21,True
2020-08-11 10:28:30,1987.629,1987.629,1987.484,1987.529,9,True
2020-08-11 10:29:00,1987.483,1987.742,1987.483,1987.733,15,True
2020-08-11 10:29:30,1987.692,1987.794,1987.692,1987.794,3,True
2020-08-11 10:30:00,1987.752,1987.756,1987.712,1987.756,5,True
2020-08-11 10:30:30,1987.796,1987.978,1987.796,1987.854,12,True
2020-08-11 10:31:00,1987.78,1987.78,1987.128,1987.33,25,True
2020-08-11 10:31:30,1987.289,1987.89,1987.24,1987.738,32,True
2020-08-11 10:32:00,1987.779,1987.822,1987.5,1987.502,11,True
2020-08-11 10:32:30,1987.46,1987.504,1986.343,1986.368,38,True
2020-08-11 10:33:00,1986.412,1986.94,1986.175,1986.94,33,True
2020-08-11 10:33:30,1986.892,1986.892,1986.58,1986.7,26,True
2020-08-11 10:34:00,1986.657,1986.881,1986.418,1986.881,18,True
2020-08-11 10:34:30,1986.922,1987.126,1986.872,1987.126,18,True
2020-08-11 10:35:00,1987.082,1987.082,1986.76,1986.76,14,True
2020-08-11 10:35:30,1986.802,1986.802,1986.598,1986.64,9,True
2020-08-11 10:36:00,1986.542,1986.542,1985.036,1985.483,55,True
2020-08-11 10:36:30,1985.428,1985.428,1984.774,1985.376,41,True
2020-08-11 10:37:00,1985.31,1985.766,1985.249,1985.663,35,True
2020-08-11 10:37:30,1985.708,1986.42,1985.708,1986.38,23,True
2020-08-11 10:38:00,1986.428,1986.86,1986.294,1986.86,39,True
2020-08-11 10:38:30,1986.819,1987.634,1986.819,1987.474,31,True
2020-08-11 10:39:00,1987.527,1987.57,1987.01,1987.35,27,True
2020-08-11 10:39:30,1987.309,1987.5,1987.128,1987.128,22,True
2020-08-11 10:40:00,1987.087,1987.266,1986.912,1987.036,22,True
2020-08-11 10:40:30,1986.994,1987.042,1986.312,1986.432,44,True
2020-08-11 10:41:00,1986.38,1986.646,1986.204,1986.515,22,True
2020-08-11 10:41:30,1986.557,1986.686,1986.36,1986.49,22,True
2020-08-11 10:42:00,1986.532,1986.789,1986.416,1986.789,27,True
2020-08-11 10:42:30,1986.72,1987.29,1986.582,1987.29,34,True
2020-08-11 10:43:00,1987.248,1987.248,1986.831,1987.002,24,True
2020-08-11 10:43:30,1986.96,1986.96,1986.202,1986.521,27,True
2020-08-11 10:44:00,1986.566,1986.839,1986.566,1986.839,17,True
2020-08-11 10:44:30,1986.88,1987.004,1986.87,1986.926,12,True
2020-08-11 10:45:00,1986.882,1987.079,1986.556,1986.556,19,True
2020-08-11 10:45:30,1986.602,1986.646,1986.39,1986.572,18,True
2020-08-11 10:46:00,1986.524,1986.743,1986.478,1986.478,16,True
2020-08-11 10:46:30,1986.52,1986.779,1986.52,1986.779,7,True
2020-08-11 10:47:00,1986.725,1986.818,1986.632,1986.76,20,True
2020-08-11 10:47:30,1986.804,1987.316,1986.734,1987.076,31,True
2020-08-11 10:48:00,1987.119,1987.44,1987.119,1987.366,30,True
2020-08-11 10:48:30,1987.322,1987.532,1987.322,1987.532,8,True
2020-08-11 10:49:00,1987.578,1987.695,1987.456,1987.608,25,True
2020-08-11 10:49:30,1987.651,1987.651,1987.487,1987.611,16,True
2020-08-11 10:50:00,1987.568,1987.82,1987.523,1987.65,21,True
2020-08-11 10:50:30,1987.608,1987.608,1987.388,1987.428,11,True
2020-08-11 10:51:00,1987.476,1987.715,1987.434,1987.568,22,True
2020-08-11 10:51:30,1987.513,1987.56,1986.566,1986.566,31,True
2020-08-11 10:52:00,1986.609,1987.477,1986.609,1987.477,25,True
2020-08-11 10:52:30,1987.533,1987.814,1987.486,1987.814,11,True
2020-08-11 10:53:00,1987.862,1988.885,1987.86,1988.885,52,True
2020-08-11 10:53:30,1988.932,1988.943,1988.734,1988.899,21,True
2020-08-11 10:54:00,1988.856,1988.856,1988.264,1988.806,34,True
2020-08-11 10:54:30,1988.846,1988.94,1988.802,1988.858,11,True
2020-08-11 10:55:00,1988.816,1989.12,1988.418,1988.556,41,True
2020-08-11 10:55:30,1988.6,1988.882,1988.53,1988.53,16,True
2020-08-11 10:56:00,1988.485,1988.527,1987.86,1988.356,33,True
2020-08-11 10:56:30,1988.314,1988.314,1988.054,1988.054,11,True
2020-08-11 10:57:00,1988.095,1988.502,1988.095,1988.502,12,True
2020-08-11 10:57:30,1988.552,1988.552,1988.326,1988.326,6,True
2020-08-11 10:58:00,1988.372,1988.516,1988.199,1988.199,19,True
2020-08-11 10:58:30,1988.157,1988.51,1988.018,1988.464,17,True
2020-08-11 10:59:00,1988.418,1988.767,1988.322,1988.706,15,True
2020-08-11 10:59:30,1988.648,1988.867,1988.648,1988.775,16,True
2020-08-11 11:00:00,1988.818,1988.905,1988.075,1988.224,33,True
2020-08-11 11:00:30,1988.268,1988.642,1988.268,1988.642,27,True
2020-08-11 11:01:00,1988.6,1988.871,1987.068,1987.374,45,True
2020-08-11 11:01:30,1987.42,1987.81,1987.42,1987.484,37,True
2020-08-11 11:02:00,1987.442,1987.86,1987.399,1987.62,29,True
2020-08-11 11:02:30,1987.58,1987.902,1986.744,1986.942,44,True
2020-08-11 11:03:00,1986.996,1987.088,1985.525,1985.844,67,True
2020-08-11 11:03:30,1985.886,1986.268,1984.975,1986.0,90,True
2020-08-11 11:04:00,1985.951,1986.041,1985.576,1985.79,39,True
2020-08-11 11:04:30,1985.834,1985.834,1985.503,1985.723,30,True
2020-08-11 11:05:00,1985.776,1985.873,1985.246,1985.38,41,True
2020-08-11 11:05:30,1985.425,1985.656,1985.058,1985.197,42,True
2020-08-11 11:06:00,1985.135,1985.305,1984.724,1984.922,45,True
2020-08-11 11:06:30,1984.966,1985.789,1984.966,1985.776,28,True
2020-08-11 11:07:00,1985.73,1986.376,1985.335,1986.376,40,True
2020-08-11 11:07:30,1986.33,1986.739,1986.068,1986.068,44,True
2020-08-11 11:08:00,1986.028,1986.29,1985.755,1986.123,30,True
2020-08-11 11:08:30,1986.173,1986.532,1986.17,1986.391,22,True
2020-08-11 11:09:00,1986.347,1986.424,1986.171,1986.304,19,True
2020-08-11 11:09:30,1986.346,1986.346,1985.752,1985.752,26,True
2020-08-11 11:10:00,1985.706,1986.552,1985.706,1986.452,23,True
2020-08-11 11:10:30,1986.493,1986.78,1986.396,1986.439,18,True
2020-08-11 11:11:00,1986.392,1986.59,1986.266,1986.59,13,True
2020-08-11 11:11:30,1986.549,1986.724,1986.492,1986.526,15,True
2020-08-11 11:12:00,1986.482,1986.482,1986.155,1986.162,14,True
2020-08-11 11:12:30,1986.11,1986.444,1986.11,1986.326,14,True
2020-08-11 11:13:00,1986.385,1986.508,1986.168,1986.508,22,True
2020-08-11 11:13:30,1986.462,1986.75,1986.33,1986.417,21,True
2020-08-11 11:14:00,1986.37,1986.37,1982.318,1982.534,154,True
2020-08-11 11:14:30,1982.576,1983.73,1982.509,1983.73,73,True
2020-08-11 11:15:00,1983.678,1983.956,1983.457,1983.738,58,True
2020-08-11 11:15:30,1983.648,1984.262,1982.991,1984.087,47,True
2020-08-11 11:16:00,1984.128,1984.128,1983.446,1983.503,35,True
2020-08-11 11:16:30,1983.46,1983.604,1982.914,1983.316,45,True
2020-08-11 11:17:00,1983.38,1983.38,1982.692,1983.002,47,True
2020-08-11 11:17:30,1982.958,1983.005,1982.405,1982.548,34,True
2020-08-11 11:18:00,1982.612,1982.714,1978.264,1978.899,275,True
2020-08-11 11:18:30,1978.952,1979.904,1978.382,1979.794,173,True
2020-08-11 11:19:00,1979.736,1979.845,1978.147,1979.422,121,True
2020-08-11 11:19:30,1979.462,1979.581,1978.442,1979.119,122,True
2020-08-11 11:20:00,1979.16,1980.717,1979.104,1980.455,79,True
2020-08-11 11:20:30,1980.412,1981.068,1980.285,1980.712,88,True
2020-08-11 11:21:00,1980.646,1982.122,1980.126,1982.122,79,True
2020-08-11 11:21:30,1982.076,1982.261,1981.352,1981.879,67,True
2020-08-11 11:22:00,1981.922,1982.095,1981.772,1981.878,35,True
2020-08-11 11:22:30,1981.924,1982.759,1981.924,1982.667,48,True
2020-08-11 11:23:00,1982.626,1982.864,1982.308,1982.621,43,True
2020-08-11 11:23:30,1982.574,1983.076,1982.302,1982.472,60,True
2020-08-11 11:24:00,1982.514,1982.556,1981.213,1981.213,60,True
2020-08-11 11:24:30,1981.172,1981.572,1981.01,1981.218,77,True
2020-08-11 11:25:00,1981.258,1981.848,1981.034,1981.479,53,True
2020-08-11 11:25:30,1981.435,1981.52,1981.238,1981.381,34,True
2020-08-11 11:26:00,1981.422,1981.422,1980.79,1980.834,35,True
2020-08-11 11:26:30,1980.793,1981.576,1980.748,1981.526,30,True
2020-08-11 11:27:00,1981.484,1981.484,1980.64,1980.67,45,True
2020-08-11 11:27:30,1980.63,1980.63,1978.168,1978.763,95,True
2020-08-11 11:28:00,1978.809,1978.946,1977.519,1978.206,116,True
2020-08-11 11:28:30,1978.151,1978.416,1977.061,1977.464,141,True
2020-08-11 11:29:00,1977.512,1977.928,1975.826,1976.446,179,True
2020-08-11 11:29:30,1976.498,1979.575,1976.498,1979.498,115,True
2020-08-11 11:30:00,1979.554,1980.229,1978.866,1979.372,82,True
2020-08-11 11:30:30,1979.434,1979.844,1979.216,1979.272,54,True
2020-08-11 11:31:00,1979.221,1979.221,1976.434,1976.434,78,True
2020-08-11 11:31:30,1976.5,1978.871,1976.497,1978.83,92,True
2020-08-11 11:32:00,1978.88,1979.394,1978.344,1978.457,102,True
2020-08-11 11:32:30,1978.414,1978.705,1977.967,1978.66,66,True
2020-08-11 11:33:00,1978.702,1979.58,1978.44,1979.52,77,True
2020-08-11 11:33:30,1979.464,1980.271,1979.326,1979.508,92,True
2020-08-11 11:34:00,1979.55,1979.594,1978.258,1978.406,74,True
2020-08-11 11:34:30,1978.364,1978.792,1977.763,1978.792,107,True
2020-08-11 11:35:00,1978.834,1978.893,1978.452,1978.74,43,True
2020-08-11 11:35:30,1978.788,1979.264,1978.466,1978.762,62,True
2020-08-11 11:36:00,1978.812,1978.879,1978.001,1978.789,72,True
2020-08-11 11:36:30,1978.748,1978.748,1977.383,1977.439,99,True
2020-08-11 11:37:00,1977.48,1977.567,1976.116,1976.167,94,True
2020-08-11 11:37:30,1976.214,1977.871,1976.214,1977.474,110,True
2020-08-11 11:38:00,1977.432,1979.854,1977.184,1979.618,117,True
2020-08-11 11:38:30,1979.666,1979.857,1978.819,1979.151,84,True
2020-08-11 11:39:00,1979.2,1979.22,1978.03,1978.076,69,True
2020-08-11 11:39:30,1978.122,1978.122,1977.722,1977.823,49,True
2020-08-11 11:40:00,1977.775,1978.931,1977.775,1978.36,70,True
2020-08-11 11:40:30,1978.314,1978.35,1977.436,1977.967,101,True
2020-08-11 11:41:00,1978.01,1978.631,1978.01,1978.631,39,True
2020-08-11 11:41:30,1978.672,1979.471,1978.672,1978.878,61,True
2020-08-11 11:42:00,1978.833,1978.833,1976.552,1976.854,93,True
2020-08-11 11:42:30,1976.814,1977.226,1974.916,1976.632,167,True
2020-08-11 11:43:00,1976.676,1977.382,1975.926,1976.906,152,True
2020-08-11 11:43:30,1976.948,1977.516,1976.826,1976.826,71,True
2020-08-11 11:44:00,1976.868,1977.338,1976.586,1977.266,59,True
2020-08-11 11:44:30,1977.192,1977.241,1974.386,1974.475,110,True
2020-08-11 11:45:00,1974.518,1976.566,1974.359,1976.396,111,True
2020-08-11 11:45:30,1976.456,1977.459,1976.172,1977.08,84,True
2020-08-11 11:46:00,1977.034,1977.034,1975.896,1976.16,65,True
2020-08-11 11:46:30,1976.21,1977.799,1976.21,1977.799,53,True
2020-08-11 11:47:00,1977.845,1978.14,1977.473,1977.747,64,True
2020-08-11 11:47:30,1977.702,1977.747,1976.348,1976.704,70,True
2020-08-11 11:48:00,1976.75,1977.672,1976.702,1977.672,54,True
2020-08-11 11:48:30,1977.715,1978.051,1977.436,1977.436,62,True
2020-08-11 11:49:00,1977.384,1977.51,1976.663,1977.406,57,True
2020-08-11 11:49:30,1977.36,1977.36,1976.744,1977.256,30,True
2020-08-11 11:50:00,1977.302,1978.428,1977.302,1978.428,76,True
2020-08-11 11:50:30,1978.469,1979.26,1978.336,1979.26,74,True
2020-08-11 11:51:00,1979.319,1980.412,1978.774,1980.218,106,True
2020-08-11 11:51:30,1980.168,1980.724,1979.977,1980.672,87,True
2020-08-11 11:52:00,1980.628,1980.909,1980.269,1980.788,63,True
2020-08-11 11:52:30,1980.831,1982.536,1980.831,1982.238,158,True
2020-08-11 11:53:00,1982.282,1982.501,1981.498,1981.966,112,True
2020-08-11 11:53:30,1981.922,1982.014,1980.84,1981.489,94,True
2020-08-11 11:54:00,1981.436,1981.778,1980.552,1980.552,88,True
2020-08-11 11:54:30,1980.506,1981.221,1980.458,1980.703,59,True
2020-08-11 11:55:00,1980.656,1980.656,1979.251,1980.167,84,True
2020-08-11 11:55:30,1980.122,1980.636,1980.122,1980.636,50,True
2020-08-11 11:56:00,1980.593,1980.869,1980.046,1980.476,54,True
2020-08-11 11:56:30,1980.404,1980.404,1979.331,1979.484,49,True
2020-08-11 11:57:00,1979.526,1980.221,1979.478,1980.084,34,True
2020-08-11 11:57:30,1980.128,1980.273,1979.764,1979.764,21,True
2020-08-11 11:58:00,1979.721,1979.721,1978.301,1978.33,73,True
2020-08-11 11:58:30,1978.382,1978.534,1978.045,1978.466,66,True
2020-08-11 11:59:00,1978.523,1978.84,1978.152,1978.238,49,True
2020-08-11 11:59:30,1978.282,1978.692,1978.126,1978.126,54,True
2020-08-11 12:00:00,1978.174,1978.43,1975.853,1976.862,210,True
2020-08-11 12:00:30,1976.82,1980.084,1976.723,1980.038,125,True
2020-08-11 12:01:00,1979.998,1981.054,1979.328,1980.892,139,True
2020-08-11 12:01:30,1980.85,1981.672,1979.506,1980.646,141,True
2020-08-11 12:02:00,1980.704,1981.305,1979.665,1979.76,103,True
2020-08-11 12:02:30,1979.805,1980.063,1978.596,1978.808,91,True
2020-08-11 12:03:00,1978.848,1980.728,1978.459,1980.286,116,True
2020-08-11 12:03:30,1980.242,1980.427,1979.115,1979.76,95,True
2020-08-11 12:04:00,1979.715,1980.256,1979.087,1980.184,68,True
2020-08-11 12:04:30,1980.23,1980.894,1980.061,1980.536,54,True
2020-08-11 12:05:00,1980.586,1980.586,1978.919,1979.461,68,True
2020-08-11 12:05:30,1979.502,1979.686,1979.124,1979.25,41,True
2020-08-11 12:06:00,1979.3,1979.388,1977.318,1977.428,73,True
2020-08-11 12:06:30,1977.364,1978.34,1977.249,1978.142,55,True
2020-08-11 12:07:00,1978.09,1978.432,1977.747,1978.346,84,True
2020-08-11 12:07:30,1978.306,1978.646,1977.514,1977.76,78,True
2020-08-11 12:08:00,1977.715,1977.715,1976.752,1976.888,76,True
2020-08-11 12:08:30,1976.844,1977.135,1976.551,1976.887,60,True
2020-08-11 12:09:00,1976.84,1977.864,1976.681,1977.836,93,True
2020-08-11 12:09:30,1977.89,1978.906,1977.89,1978.869,63,True
2020-08-11 12:10:00,1978.91,1979.046,1977.926,1978.114,53,True
2020-08-11 12:10:30,1978.066,1978.116,1977.532,1977.755,58,True
2020-08-11 12:11:00,1977.8,1977.85,1977.17,1977.554,50,True
2020-08-11 12:11:30,1977.609,1977.832,1976.836,1976.936,38,True
2020-08-11 12:12:00,1976.981,1977.81,1976.981,1977.81,31,True
2020-08-11 12:12:30,1977.765,1977.766,1976.671,1976.684,42,True
2020-08-11 12:13:00,1976.736,1976.736,1975.635,1975.792,84,True
2020-08-11 12:13:30,1975.75,1976.078,1975.185,1976.078,74,True
2020-08-11 12:14:00,1976.123,1976.876,1976.036,1976.819,69,True
2020-08-11 12:14:30,1976.868,1977.91,1976.516,1977.738,63,True
2020-08-11 12:15:00,1977.694,1978.581,1977.522,1978.536,51,True
2020-08-11 12:15:30,1978.494,1978.508,1977.688,1977.868,55,True
2020-08-11 12:16:00,1977.926,1978.596,1977.786,1978.51,34,True
2020-08-11 12:16:30,1978.552,1979.034,1978.514,1978.594,45,True
2020-08-11 12:17:00,1978.536,1978.536,1977.725,1977.877,66,True
2020-08-11 12:17:30,1977.826,1978.69,1977.514,1978.557,66,True
2020-08-11 12:18:00,1978.598,1980.186,1978.598,1980.186,88,True
2020-08-11 12:18:30,1980.236,1980.278,1979.383,1979.742,71,True
2020-08-11 12:19:00,1979.7,1980.22,1979.564,1980.082,61,True
2020-08-11 12:19:30,1980.028,1980.028,1979.356,1979.536,32,True
2020-08-11 12:20:00,1979.49,1980.996,1978.658,1980.137,140,True
2020-08-11 12:20:30,1980.184,1980.184,1978.626,1978.998,64,True
2020-08-11 12:21:00,1978.953,1979.017,1976.589,1977.166,107,True
2020-08-11 12:21:30,1977.213,1978.598,1977.213,1978.274,81,True
2020-08-11 12:22:00,1978.227,1978.227,1976.675,1977.255,78,True
2020-08-11 12:22:30,1977.326,1977.414,1976.48,1976.48,89,True
2020-08-11 12:23:00,1976.428,1976.548,1975.404,1975.501,74,True
2020-08-11 12:23:30,1975.551,1976.14,1975.256,1975.765,75,True
2020-08-11 12:24:00,1975.812,1976.104,1975.42,1975.514,69,True
2020-08-11 12:24:30,1975.56,1977.248,1975.517,1976.966,80,True
2020-08-11 12:25:00,1977.012,1977.012,1975.62,1975.904,95,True
2020-08-11 12:25:30,1975.854,1975.854,1973.164,1975.01,168,True
2020-08-11 12:26:00,1974.914,1975.498,1974.576,1975.242,106,True
2020-08-11 12:26:30,1975.199,1975.748,1975.085,1975.654,39,True
2020-08-11 12:27:00,1975.596,1975.698,1975.298,1975.461,57,True
2020-08-11 12:27:30,1975.414,1976.8,1975.368,1976.662,81,True
2020-08-11 12:28:00,1976.715,1976.978,1975.506,1976.55,81,True
2020-08-11 12:28:30,1976.502,1976.505,1975.934,1976.022,64,True
2020-08-11 12:29:00,1975.98,1976.132,1975.34,1975.514,40,True
2020-08-11 12:29:30,1975.46,1976.708,1975.272,1975.284,72,True
2020-08-11 12:30:00,1975.337,1975.52,1973.786,1975.178,103,True
2020-08-11 12:30:30,1975.22,1976.524,1975.22,1976.166,105,True
2020-08-11 12:31:00,1976.229,1976.438,1975.458,1975.802,100,True
2020-08-11 12:31:30,1975.761,1975.981,1974.584,1975.826,92,True
2020-08-11 12:32:00,1975.87,1976.383,1974.854,1976.002,111,True
2020-08-11 12:32:30,1975.952,1975.952,1974.552,1974.794,91,True
2020-08-11 12:33:00,1974.75,1974.97,1972.325,1972.841,222,True
2020-08-11 12:33:30,1972.886,1973.23,1969.595,1970.026,183,True
2020-08-11 12:34:00,1970.144,1971.016,1967.946,1969.622,232,True
2020-08-11 12:34:30,1969.724,1970.692,1969.6,1970.232,169,True
2020-08-11 12:35:00,1970.186,1971.554,1970.186,1971.544,139,True
2020-08-11 12:35:30,1971.59,1971.836,1967.917,1968.78,200,True
2020-08-11 12:36:00,1968.71,1969.31,1967.85,1969.292,209,True
2020-08-11 12:36:30,1969.338,1970.116,1967.968,1968.252,213,True
2020-08-11 12:37:00,1968.206,1969.839,1968.165,1968.864,198,True
2020-08-11 12:37:30,1968.822,1969.468,1966.12,1967.421,202,True
2020-08-11 12:38:00,1967.518,1968.697,1967.28,1968.244,130,True
2020-08-11 12:38:30,1968.2,1968.2,1966.352,1966.501,153,True
2020-08-11 12:39:00,1966.446,1969.12,1965.772,1968.671,207,True
2020-08-11 12:39:30,1968.717,1970.142,1968.412,1969.349,138,True
2020-08-11 12:40:00,1969.3,1969.305,1967.126,1967.779,137,True
2020-08-11 12:40:30,1967.86,1968.434,1967.397,1967.397,135,True
2020-08-11 12:41:00,1967.336,1968.474,1966.993,1968.17,130,True
2020-08-11 12:41:30,1968.119,1968.226,1966.476,1967.215,125,True
2020-08-11 12:42:00,1967.15,1967.91,1966.69,1967.9,136,True
2020-08-11 12:42:30,1967.95,1968.24,1966.901,1967.598,111,True
2020-08-11 12:43:00,1967.64,1968.028,1967.344,1967.431,77,True
2020-08-11 12:43:30,1967.39,1967.39,1965.623,1965.623,106,True
2020-08-11 12:44:00,1965.576,1965.808,1963.592,1965.384,228,True
2020-08-11 12:44:30,1965.445,1966.189,1964.241,1964.32,130,True
2020-08-11 12:45:00,1964.396,1965.274,1962.76,1965.266,217,True
2020-08-11 12:45:30,1965.218,1967.128,1964.692,1967.056,161,True
2020-08-11 12:46:00,1967.003,1967.005,1964.628,1965.612,113,True
2020-08-11 12:46:30,1965.57,1966.272,1965.187,1965.886,98,True
2020-08-11 12:47:00,1965.948,1966.623,1965.198,1965.614,113,True
2020-08-11 12:47:30,1965.555,1965.614,1964.504,1964.809,102,True
2020-08-11 12:48:00,1964.763,1964.763,1960.975,1962.604,221,True
2020-08-11 12:48:30,1962.652,1962.918,1961.384,1961.892,194,True
2020-08-11 12:49:00,1961.843,1962.116,1959.873,1960.678,303,True
2020-08-11 12:49:30,1960.58,1961.984,1959.685,1960.06,199,True
2020-08-11 12:50:00,1960.006,1961.25,1959.688,1960.523,160,True
2020-08-11 12:50:30,1960.475,1960.842,1959.39,1959.716,141,True
2020-08-11 12:51:00,1959.676,1959.722,1957.538,1958.437,234,True
2020-08-11 12:51:30,1958.392,1958.427,1954.406,1955.926,232,True
2020-08-11 12:52:00,1955.972,1957.179,1955.357,1955.914,267,True
2020-08-11 12:52:30,1955.866,1956.08,1953.231,1955.408,218,True
2020-08-11 12:53:00,1955.354,1955.834,1953.994,1955.122,119,True
2020-08-11 12:53:30,1955.168,1957.949,1954.965,1957.949,171,True
2020-08-11 12:54:00,1958.006,1959.158,1955.84,1958.854,158,True
2020-08-11 12:54:30,1958.928,1960.936,1958.158,1958.335,189,True
2020-08-11 12:55:00,1958.38,1961.28,1958.201,1960.573,176,True
2020-08-11 12:55:30,1960.614,1960.799,1958.948,1959.323,148,True
2020-08-11 12:56:00,1959.371,1961.073,1959.371,1960.105,104,True
2020-08-11 12:56:30,1960.164,1961.308,1958.93,1959.684,150,True
2020-08-11 12:57:00,1959.728,1960.864,1959.608,1959.986,118,True
2020-08-11 12:57:30,1960.028,1960.611,1959.9,1960.382,105,True
2020-08-11 12:58:00,1960.294,1960.294,1958.8,1959.56,116,True
2020-08-11 12:58:30,1959.488,1960.084,1959.338,1959.86,61,True
2020-08-11 12:59:00,1959.902,1962.102,1959.902,1961.93,226,True
2020-08-11 12:59:30,1961.978,1963.67,1961.978,1963.485,187,True
